id,column,category,subcategory,label,pronunciation,subject_mode,parent_photo_behavior,phase,core,growth_stage,meal_context,is_gestalt,gestalt_type,gestalt_meaning,gestalt_target_words,descriptive_clues,audience,authoring_kind,status,prompt_template,notes
nouns.animals.farm.pony,Nouns,Animals,Farm,Pony,,object,none,v1_extended,false,stage_5plus,,false,,,,"A Pony lives on a farm. | Farm animals live with the farmer and give us things like milk and eggs. | You can say 'look, a Pony!' or 'I see a Pony.'",universal,canonical,draft,"A {style} of a single friendly Pony, a single clear subject centered and filling most of the frame on a plain soft pastel background; soft even lighting, bright cheerful colors, the meaning obvious at a glance to a toddler; minimal extra detail. At the bottom, include a clean caption reading ""Pony"", spelled exactly, in a simple friendly rounded font; no other text or logos.",
nouns.animals.farm.chick,Nouns,Animals,Farm,Chick,,object,none,v1_extended,false,stage_5plus,,false,,,,"A Chick lives on a farm. | Farm animals live with the farmer and give us things like milk and eggs. | You can say 'look, a Chick!' or 'I see a Chick.'",universal,canonical,draft,"A {style} of a single friendly Chick, a single clear subject centered and filling most of the frame on a plain soft pastel background; soft even lighting, bright cheerful colors, the meaning obvious at a glance to a toddler; minimal extra detail. At the bottom, include a clean caption reading ""Chick"", spelled exactly, in a simple friendly rounded font; no other text or logos.",
nouns.animals.farm.goose,Nouns,Animals,Farm,Goose,,object,none,v1_extended,false,stage_5plus,,false,,,,"A Goose lives on a farm. | Farm animals live with the farmer and give us things like milk and eggs. | You can say 'look, a Goose!' or 'I see a Goose.'",universal,canonical,draft,"A {style} of a single friendly Goose, a single clear subject centered and filling most of the frame on a plain soft pastel background; soft even lighting, bright cheerful colors, the meaning obvious at a glance to a toddler; minimal extra detail. At the bottom, include a clean caption reading ""Goose"", spelled exactly, in a simple friendly rounded font; no other text or logos.",
nouns.animals.farm.peacock,Nouns,Animals,Farm,Peacock,,object,none,v1_extended,false,stage_5plus,,false,,,,"A Peacock lives on a farm. | Farm animals live with the farmer and give us things like milk and eggs. | You can say 'look, a Peacock!' or 'I see a Peacock.'",universal,canonical,draft,"A {style} of a single friendly Peacock, a single clear subject centered and filling most of the frame on a plain soft pastel background; soft even lighting, bright cheerful colors, the meaning obvious at a glance to a toddler; minimal extra detail. At the bottom, include a clean caption reading ""Peacock"", spelled exactly, in a simple friendly rounded font; no other text or logos.",
nouns.animals.dinosaurs.allosaurus,Nouns,Animals,Dinosaurs,Allosaurus,,object,none,v1_extended,false,stage_5plus,,false,,,,"A Allosaurus is a kind of dinosaur — a giant animal that lived long, long ago. | Some dinosaurs ate plants and some ate other animals. | You can say 'look, a Allosaurus!' or 'I see a dinosaur.'",universal,canonical,draft,"A {style} of a single friendly Allosaurus, a single clear subject centered and filling most of the frame on a plain soft pastel background; soft even lighting, bright cheerful colors, the meaning obvious at a glance to a toddler; minimal extra detail. At the bottom, include a clean caption reading ""Allosaurus"", spelled exactly, in a simple friendly rounded font; no other text or logos.",
nouns.animals.dinosaurs.ankylosaurus,Nouns,Animals,Dinosaurs,Ankylosaurus,,object,none,v1_extended,false,stage_5plus,,false,,,,"A Ankylosaurus is a kind of dinosaur — a giant animal that lived long, long ago. | Some dinosaurs ate plants and some ate other animals. | You can say 'look, a Ankylosaurus!' or 'I see a dinosaur.'",universal,canonical,draft,"A {style} of a single friendly Ankylosaurus, a single clear subject centered and filling most of the frame on a plain soft pastel background; soft even lighting, bright cheerful colors, the meaning obvious at a glance to a toddler; minimal extra detail. At the bottom, include a clean caption reading ""Ankylosaurus"", spelled exactly, in a simple friendly rounded font; no other text or logos.",
nouns.animals.dinosaurs.dilophosaurus,Nouns,Animals,Dinosaurs,Dilophosaurus,,object,none,v1_extended,false,stage_5plus,,false,,,,"A Dilophosaurus is a kind of dinosaur — a giant animal that lived long, long ago. | Some dinosaurs ate plants and some ate other animals. | You can say 'look, a Dilophosaurus!' or 'I see a dinosaur.'",universal,canonical,draft,"A {style} of a single friendly Dilophosaurus, a single clear subject centered and filling most of the frame on a plain soft pastel background; soft even lighting, bright cheerful colors, the meaning obvious at a glance to a toddler; minimal extra detail. At the bottom, include a clean caption reading ""Dilophosaurus"", spelled exactly, in a simple friendly rounded font; no other text or logos.",
nouns.animals.dinosaurs.brachiosaurus,Nouns,Animals,Dinosaurs,Brachiosaurus,,object,none,v1_extended,false,stage_5plus,,false,,,,"A Brachiosaurus is a kind of dinosaur — a giant animal that lived long, long ago. | Some dinosaurs ate plants and some ate other animals. | You can say 'look, a Brachiosaurus!' or 'I see a dinosaur.'",universal,canonical,draft,"A {style} of a single friendly Brachiosaurus, a single clear subject centered and filling most of the frame on a plain soft pastel background; soft even lighting, bright cheerful colors, the meaning obvious at a glance to a toddler; minimal extra detail. At the bottom, include a clean caption reading ""Brachiosaurus"", spelled exactly, in a simple friendly rounded font; no other text or logos.",
nouns.animals.dinosaurs.spinosaurus,Nouns,Animals,Dinosaurs,Spinosaurus,,object,none,v1_extended,false,stage_5plus,,false,,,,"A Spinosaurus is a kind of dinosaur — a giant animal that lived long, long ago. | Some dinosaurs ate plants and some ate other animals. | You can say 'look, a Spinosaurus!' or 'I see a dinosaur.'",universal,canonical,draft,"A {style} of a single friendly Spinosaurus, a single clear subject centered and filling most of the frame on a plain soft pastel background; soft even lighting, bright cheerful colors, the meaning obvious at a glance to a toddler; minimal extra detail. At the bottom, include a clean caption reading ""Spinosaurus"", spelled exactly, in a simple friendly rounded font; no other text or logos.",
nouns.animals.dinosaurs.corythosaurus,Nouns,Animals,Dinosaurs,Corythosaurus,,object,none,v1_extended,false,stage_5plus,,false,,,,"A Corythosaurus is a kind of dinosaur — a giant animal that lived long, long ago. | Some dinosaurs ate plants and some ate other animals. | You can say 'look, a Corythosaurus!' or 'I see a dinosaur.'",universal,canonical,draft,"A {style} of a single friendly Corythosaurus, a single clear subject centered and filling most of the frame on a plain soft pastel background; soft even lighting, bright cheerful colors, the meaning obvious at a glance to a toddler; minimal extra detail. At the bottom, include a clean caption reading ""Corythosaurus"", spelled exactly, in a simple friendly rounded font; no other text or logos.",
nouns.animals.dinosaurs.styracosaurus,Nouns,Animals,Dinosaurs,Styracosaurus,,object,none,v1_extended,false,stage_5plus,,false,,,,"A Styracosaurus is a kind of dinosaur — a giant animal that lived long, long ago. | Some dinosaurs ate plants and some ate other animals. | You can say 'look, a Styracosaurus!' or 'I see a dinosaur.'",universal,canonical,draft,"A {style} of a single friendly Styracosaurus, a single clear subject centered and filling most of the frame on a plain soft pastel background; soft even lighting, bright cheerful colors, the meaning obvious at a glance to a toddler; minimal extra detail. At the bottom, include a clean caption reading ""Styracosaurus"", spelled exactly, in a simple friendly rounded font; no other text or logos.",
nouns.animals.dinosaurs.therizinosaurus,Nouns,Animals,Dinosaurs,Therizinosaurus,,object,none,v1_extended,false,stage_5plus,,false,,,,"A Therizinosaurus is a kind of dinosaur — a giant animal that lived long, long ago. | Some dinosaurs ate plants and some ate other animals. | You can say 'look, a Therizinosaurus!' or 'I see a dinosaur.'",universal,canonical,draft,"A {style} of a single friendly Therizinosaurus, a single clear subject centered and filling most of the frame on a plain soft pastel background; soft even lighting, bright cheerful colors, the meaning obvious at a glance to a toddler; minimal extra detail. At the bottom, include a clean caption reading ""Therizinosaurus"", spelled exactly, in a simple friendly rounded font; no other text or logos.",
nouns.animals.dinosaurs.parasaurolophus,Nouns,Animals,Dinosaurs,Parasaurolophus,,object,none,v1_extended,false,stage_5plus,,false,,,,"A Parasaurolophus is a kind of dinosaur — a giant animal that lived long, long ago. | Some dinosaurs ate plants and some ate other animals. | You can say 'look, a Parasaurolophus!' or 'I see a dinosaur.'",universal,canonical,draft,"A {style} of a single friendly Parasaurolophus, a single clear subject centered and filling most of the frame on a plain soft pastel background; soft even lighting, bright cheerful colors, the meaning obvious at a glance to a toddler; minimal extra detail. At the bottom, include a clean caption reading ""Parasaurolophus"", spelled exactly, in a simple friendly rounded font; no other text or logos.",
nouns.animals.dinosaurs.pachycephalosaurus,Nouns,Animals,Dinosaurs,Pachycephalosaurus,,object,none,v1_extended,false,stage_5plus,,false,,,,"A Pachycephalosaurus is a kind of dinosaur — a giant animal that lived long, long ago. | Some dinosaurs ate plants and some ate other animals. | You can say 'look, a Pachycephalosaurus!' or 'I see a dinosaur.'",universal,canonical,draft,"A {style} of a single friendly Pachycephalosaurus, a single clear subject centered and filling most of the frame on a plain soft pastel background; soft even lighting, bright cheerful colors, the meaning obvious at a glance to a toddler; minimal extra detail. At the bottom, include a clean caption reading ""Pachycephalosaurus"", spelled exactly, in a simple friendly rounded font; no other text or logos.",
nouns.animals.dinosaurs.kentrosaurus,Nouns,Animals,Dinosaurs,Kentrosaurus,,object,none,v1_extended,false,stage_5plus,,false,,,,"A Kentrosaurus is a kind of dinosaur — a giant animal that lived long, long ago. | Some dinosaurs ate plants and some ate other animals. | You can say 'look, a Kentrosaurus!' or 'I see a dinosaur.'",universal,canonical,draft,"A {style} of a single friendly Kentrosaurus, a single clear subject centered and filling most of the frame on a plain soft pastel background; soft even lighting, bright cheerful colors, the meaning obvious at a glance to a toddler; minimal extra detail. At the bottom, include a clean caption reading ""Kentrosaurus"", spelled exactly, in a simple friendly rounded font; no other text or logos.",
nouns.animals.dinosaurs.iguanodon,Nouns,Animals,Dinosaurs,Iguanodon,,object,none,v1_extended,false,stage_5plus,,false,,,,"A Iguanodon is a kind of dinosaur — a giant animal that lived long, long ago. | Some dinosaurs ate plants and some ate other animals. | You can say 'look, a Iguanodon!' or 'I see a dinosaur.'",universal,canonical,draft,"A {style} of a single friendly Iguanodon, a single clear subject centered and filling most of the frame on a plain soft pastel background; soft even lighting, bright cheerful colors, the meaning obvious at a glance to a toddler; minimal extra detail. At the bottom, include a clean caption reading ""Iguanodon"", spelled exactly, in a simple friendly rounded font; no other text or logos.",
nouns.animals.dinosaurs.giganotosaurus,Nouns,Animals,Dinosaurs,Giganotosaurus,,object,none,v1_extended,false,stage_5plus,,false,,,,"A Giganotosaurus is a kind of dinosaur — a giant animal that lived long, long ago. | Some dinosaurs ate plants and some ate other animals. | You can say 'look, a Giganotosaurus!' or 'I see a dinosaur.'",universal,canonical,draft,"A {style} of a single friendly Giganotosaurus, a single clear subject centered and filling most of the frame on a plain soft pastel background; soft even lighting, bright cheerful colors, the meaning obvious at a glance to a toddler; minimal extra detail. At the bottom, include a clean caption reading ""Giganotosaurus"", spelled exactly, in a simple friendly rounded font; no other text or logos.",
nouns.animals.dinosaurs.deinonychus,Nouns,Animals,Dinosaurs,Deinonychus,,object,none,v1_extended,false,stage_5plus,,false,,,,"A Deinonychus is a kind of dinosaur — a giant animal that lived long, long ago. | Some dinosaurs ate plants and some ate other animals. | You can say 'look, a Deinonychus!' or 'I see a dinosaur.'",universal,canonical,draft,"A {style} of a single friendly Deinonychus, a single clear subject centered and filling most of the frame on a plain soft pastel background; soft even lighting, bright cheerful colors, the meaning obvious at a glance to a toddler; minimal extra detail. At the bottom, include a clean caption reading ""Deinonychus"", spelled exactly, in a simple friendly rounded font; no other text or logos.",
nouns.animals.dinosaurs.carnotaurus,Nouns,Animals,Dinosaurs,Carnotaurus,,object,none,v1_extended,false,stage_5plus,,false,,,,"A Carnotaurus is a kind of dinosaur — a giant animal that lived long, long ago. | Some dinosaurs ate plants and some ate other animals. | You can say 'look, a Carnotaurus!' or 'I see a dinosaur.'",universal,canonical,draft,"A {style} of a single friendly Carnotaurus, a single clear subject centered and filling most of the frame on a plain soft pastel background; soft even lighting, bright cheerful colors, the meaning obvious at a glance to a toddler; minimal extra detail. At the bottom, include a clean caption reading ""Carnotaurus"", spelled exactly, in a simple friendly rounded font; no other text or logos.",
nouns.animals.bugs.grasshopper,Nouns,Animals,Bugs,Grasshopper,,object,none,v1_extended,false,stage_5plus,,false,,,,"A Grasshopper is a little bug. | Bugs are tiny creatures that crawl, fly, or hop. | You can say 'look, a Grasshopper!' or 'I see a bug.'",universal,canonical,draft,"A {style} of a single friendly Grasshopper, a single clear subject centered and filling most of the frame on a plain soft pastel background; soft even lighting, bright cheerful colors, the meaning obvious at a glance to a toddler; minimal extra detail. At the bottom, include a clean caption reading ""Grasshopper"", spelled exactly, in a simple friendly rounded font; no other text or logos.",
nouns.animals.bugs.pill_bug,Nouns,Animals,Bugs,Pill bug,,object,none,v1_extended,false,stage_5plus,,false,,,,"A Pill bug is a little bug. | Bugs are tiny creatures that crawl, fly, or hop. | You can say 'look, a Pill bug!' or 'I see a bug.'",universal,canonical,draft,"A {style} of a single friendly Pill bug, a single clear subject centered and filling most of the frame on a plain soft pastel background; soft even lighting, bright cheerful colors, the meaning obvious at a glance to a toddler; minimal extra detail. At the bottom, include a clean caption reading ""Pill bug"", spelled exactly, in a simple friendly rounded font; no other text or logos.",
nouns.animals.bugs.moth,Nouns,Animals,Bugs,Moth,,object,none,v1_extended,false,stage_5plus,,false,,,,"A Moth is a little bug. | Bugs are tiny creatures that crawl, fly, or hop. | You can say 'look, a Moth!' or 'I see a bug.'",universal,canonical,draft,"A {style} of a single friendly Moth, a single clear subject centered and filling most of the frame on a plain soft pastel background; soft even lighting, bright cheerful colors, the meaning obvious at a glance to a toddler; minimal extra detail. At the bottom, include a clean caption reading ""Moth"", spelled exactly, in a simple friendly rounded font; no other text or logos.",
nouns.animals.bugs.worm,Nouns,Animals,Bugs,Worm,,object,none,v1_extended,false,stage_5plus,,false,,,,"A Worm is a little bug. | Bugs are tiny creatures that crawl, fly, or hop. | You can say 'look, a Worm!' or 'I see a bug.'",universal,canonical,draft,"A {style} of a single friendly Worm, a single clear subject centered and filling most of the frame on a plain soft pastel background; soft even lighting, bright cheerful colors, the meaning obvious at a glance to a toddler; minimal extra detail. At the bottom, include a clean caption reading ""Worm"", spelled exactly, in a simple friendly rounded font; no other text or logos.",
nouns.animals.bugs.fly,Nouns,Animals,Bugs,Fly,,object,none,v1_extended,false,stage_5plus,,false,,,,"A Fly is a little bug. | Bugs are tiny creatures that crawl, fly, or hop. | You can say 'look, a Fly!' or 'I see a bug.'",universal,canonical,draft,"A {style} of a single friendly Fly, a single clear subject centered and filling most of the frame on a plain soft pastel background; soft even lighting, bright cheerful colors, the meaning obvious at a glance to a toddler; minimal extra detail. At the bottom, include a clean caption reading ""Fly"", spelled exactly, in a simple friendly rounded font; no other text or logos.",
nouns.animals.bugs.firefly,Nouns,Animals,Bugs,Firefly,,object,none,v1_extended,false,stage_5plus,,false,,,,"A Firefly is a little bug. | Bugs are tiny creatures that crawl, fly, or hop. | You can say 'look, a Firefly!' or 'I see a bug.'",universal,canonical,draft,"A {style} of a single friendly Firefly, a single clear subject centered and filling most of the frame on a plain soft pastel background; soft even lighting, bright cheerful colors, the meaning obvious at a glance to a toddler; minimal extra detail. At the bottom, include a clean caption reading ""Firefly"", spelled exactly, in a simple friendly rounded font; no other text or logos.",
nouns.animals.bugs.mosquito,Nouns,Animals,Bugs,Mosquito,,object,none,v1_extended,false,stage_5plus,,false,,,,"A Mosquito is a little bug. | Bugs are tiny creatures that crawl, fly, or hop. | You can say 'look, a Mosquito!' or 'I see a bug.'",universal,canonical,draft,"A {style} of a single friendly Mosquito, a single clear subject centered and filling most of the frame on a plain soft pastel background; soft even lighting, bright cheerful colors, the meaning obvious at a glance to a toddler; minimal extra detail. At the bottom, include a clean caption reading ""Mosquito"", spelled exactly, in a simple friendly rounded font; no other text or logos.",
nouns.animals.bugs.daddy_long_legs,Nouns,Animals,Bugs,Daddy long legs,,object,none,v1_extended,false,stage_5plus,,false,,,,"A Daddy long legs is a little bug. | Bugs are tiny creatures that crawl, fly, or hop. | You can say 'look, a Daddy long legs!' or 'I see a bug.'",universal,canonical,draft,"A {style} of a single friendly Daddy long legs, a single clear subject centered and filling most of the frame on a plain soft pastel background; soft even lighting, bright cheerful colors, the meaning obvious at a glance to a toddler; minimal extra detail. At the bottom, include a clean caption reading ""Daddy long legs"", spelled exactly, in a simple friendly rounded font; no other text or logos.",
nouns.animals.bugs.centipede,Nouns,Animals,Bugs,Centipede,,object,none,v1_extended,false,stage_5plus,,false,,,,"A Centipede is a little bug. | Bugs are tiny creatures that crawl, fly, or hop. | You can say 'look, a Centipede!' or 'I see a bug.'",universal,canonical,draft,"A {style} of a single friendly Centipede, a single clear subject centered and filling most of the frame on a plain soft pastel background; soft even lighting, bright cheerful colors, the meaning obvious at a glance to a toddler; minimal extra detail. At the bottom, include a clean caption reading ""Centipede"", spelled exactly, in a simple friendly rounded font; no other text or logos.",
nouns.animals.bugs.beetle,Nouns,Animals,Bugs,Beetle,,object,none,v1_extended,false,stage_5plus,,false,,,,"A Beetle is a little bug. | Bugs are tiny creatures that crawl, fly, or hop. | You can say 'look, a Beetle!' or 'I see a bug.'",universal,canonical,draft,"A {style} of a single friendly Beetle, a single clear subject centered and filling most of the frame on a plain soft pastel background; soft even lighting, bright cheerful colors, the meaning obvious at a glance to a toddler; minimal extra detail. At the bottom, include a clean caption reading ""Beetle"", spelled exactly, in a simple friendly rounded font; no other text or logos.",
nouns.animals.bugs.praying_mantis,Nouns,Animals,Bugs,Praying mantis,,object,none,v1_extended,false,stage_5plus,,false,,,,"A Praying mantis is a little bug. | Bugs are tiny creatures that crawl, fly, or hop. | You can say 'look, a Praying mantis!' or 'I see a bug.'",universal,canonical,draft,"A {style} of a single friendly Praying mantis, a single clear subject centered and filling most of the frame on a plain soft pastel background; soft even lighting, bright cheerful colors, the meaning obvious at a glance to a toddler; minimal extra detail. At the bottom, include a clean caption reading ""Praying mantis"", spelled exactly, in a simple friendly rounded font; no other text or logos.",
nouns.animals.fish.pufferfish,Nouns,Animals,Fish,Pufferfish,,object,none,v1_extended,false,stage_5plus,,false,,,,"A Pufferfish is an animal that lives in the water. | It swims using fins and a tail. | You can say 'look, a Pufferfish!' or 'I see a Pufferfish.'",universal,canonical,draft,"A {style} of a single friendly Pufferfish, a single clear subject centered and filling most of the frame on a plain soft pastel background; soft even lighting, bright cheerful colors, the meaning obvious at a glance to a toddler; minimal extra detail. At the bottom, include a clean caption reading ""Pufferfish"", spelled exactly, in a simple friendly rounded font; no other text or logos.",
nouns.animals.fish.guppy,Nouns,Animals,Fish,Guppy,,object,none,v1_extended,false,stage_5plus,,false,,,,"A Guppy is an animal that lives in the water. | It swims using fins and a tail. | You can say 'look, a Guppy!' or 'I see a Guppy.'",universal,canonical,draft,"A {style} of a single friendly Guppy, a single clear subject centered and filling most of the frame on a plain soft pastel background; soft even lighting, bright cheerful colors, the meaning obvious at a glance to a toddler; minimal extra detail. At the bottom, include a clean caption reading ""Guppy"", spelled exactly, in a simple friendly rounded font; no other text or logos.",
nouns.animals.fish.salmon,Nouns,Animals,Fish,Salmon,,object,none,v1_extended,false,stage_5plus,,false,,,,"A Salmon is an animal that lives in the water. | It swims using fins and a tail. | You can say 'look, a Salmon!' or 'I see a Salmon.'",universal,canonical,draft,"A {style} of a single friendly Salmon, a single clear subject centered and filling most of the frame on a plain soft pastel background; soft even lighting, bright cheerful colors, the meaning obvious at a glance to a toddler; minimal extra detail. At the bottom, include a clean caption reading ""Salmon"", spelled exactly, in a simple friendly rounded font; no other text or logos.",
nouns.animals.fish.goldfish,Nouns,Animals,Fish,Goldfish,,object,none,v1_extended,false,stage_5plus,,false,,,,"A Goldfish is an animal that lives in the water. | It swims using fins and a tail. | You can say 'look, a Goldfish!' or 'I see a Goldfish.'",universal,canonical,draft,"A {style} of a single friendly Goldfish, a single clear subject centered and filling most of the frame on a plain soft pastel background; soft even lighting, bright cheerful colors, the meaning obvious at a glance to a toddler; minimal extra detail. At the bottom, include a clean caption reading ""Goldfish"", spelled exactly, in a simple friendly rounded font; no other text or logos.",
nouns.animals.fish.clownfish,Nouns,Animals,Fish,Clownfish,,object,none,v1_extended,false,stage_5plus,,false,,,,"A Clownfish is an animal that lives in the water. | It swims using fins and a tail. | You can say 'look, a Clownfish!' or 'I see a Clownfish.'",universal,canonical,draft,"A {style} of a single friendly Clownfish, a single clear subject centered and filling most of the frame on a plain soft pastel background; soft even lighting, bright cheerful colors, the meaning obvious at a glance to a toddler; minimal extra detail. At the bottom, include a clean caption reading ""Clownfish"", spelled exactly, in a simple friendly rounded font; no other text or logos.",
nouns.animals.fish.squid,Nouns,Animals,Fish,Squid,,object,none,v1_extended,false,stage_5plus,,false,,,,"A Squid is an animal that lives in the water. | It swims using fins and a tail. | You can say 'look, a Squid!' or 'I see a Squid.'",universal,canonical,draft,"A {style} of a single friendly Squid, a single clear subject centered and filling most of the frame on a plain soft pastel background; soft even lighting, bright cheerful colors, the meaning obvious at a glance to a toddler; minimal extra detail. At the bottom, include a clean caption reading ""Squid"", spelled exactly, in a simple friendly rounded font; no other text or logos.",
nouns.animals.fish.seahorse,Nouns,Animals,Fish,Seahorse,,object,none,v1_extended,false,stage_5plus,,false,,,,"A Seahorse is an animal that lives in the water. | It swims using fins and a tail. | You can say 'look, a Seahorse!' or 'I see a Seahorse.'",universal,canonical,draft,"A {style} of a single friendly Seahorse, a single clear subject centered and filling most of the frame on a plain soft pastel background; soft even lighting, bright cheerful colors, the meaning obvious at a glance to a toddler; minimal extra detail. At the bottom, include a clean caption reading ""Seahorse"", spelled exactly, in a simple friendly rounded font; no other text or logos.",
nouns.animals.fish.catfish,Nouns,Animals,Fish,Catfish,,object,none,v1_extended,false,stage_5plus,,false,,,,"A Catfish is an animal that lives in the water. | It swims using fins and a tail. | You can say 'look, a Catfish!' or 'I see a Catfish.'",universal,canonical,draft,"A {style} of a single friendly Catfish, a single clear subject centered and filling most of the frame on a plain soft pastel background; soft even lighting, bright cheerful colors, the meaning obvious at a glance to a toddler; minimal extra detail. At the bottom, include a clean caption reading ""Catfish"", spelled exactly, in a simple friendly rounded font; no other text or logos.",
nouns.animals.fish.stingray,Nouns,Animals,Fish,Stingray,,object,none,v1_extended,false,stage_5plus,,false,,,,"A Stingray is an animal that lives in the water. | It swims using fins and a tail. | You can say 'look, a Stingray!' or 'I see a Stingray.'",universal,canonical,draft,"A {style} of a single friendly Stingray, a single clear subject centered and filling most of the frame on a plain soft pastel background; soft even lighting, bright cheerful colors, the meaning obvious at a glance to a toddler; minimal extra detail. At the bottom, include a clean caption reading ""Stingray"", spelled exactly, in a simple friendly rounded font; no other text or logos.",
nouns.animals.fish.scallop,Nouns,Animals,Fish,Scallop,,object,none,v1_extended,false,stage_5plus,,false,,,,"A Scallop is an animal that lives in the water. | It swims using fins and a tail. | You can say 'look, a Scallop!' or 'I see a Scallop.'",universal,canonical,draft,"A {style} of a single friendly Scallop, a single clear subject centered and filling most of the frame on a plain soft pastel background; soft even lighting, bright cheerful colors, the meaning obvious at a glance to a toddler; minimal extra detail. At the bottom, include a clean caption reading ""Scallop"", spelled exactly, in a simple friendly rounded font; no other text or logos.",
nouns.animals.fish.shrimp,Nouns,Animals,Fish,Shrimp,,object,none,v1_extended,false,stage_5plus,,false,,,,"A Shrimp is an animal that lives in the water. | It swims using fins and a tail. | You can say 'look, a Shrimp!' or 'I see a Shrimp.'",universal,canonical,draft,"A {style} of a single friendly Shrimp, a single clear subject centered and filling most of the frame on a plain soft pastel background; soft even lighting, bright cheerful colors, the meaning obvious at a glance to a toddler; minimal extra detail. At the bottom, include a clean caption reading ""Shrimp"", spelled exactly, in a simple friendly rounded font; no other text or logos.",
nouns.animals.fish.marlin,Nouns,Animals,Fish,Marlin,,object,none,v1_extended,false,stage_5plus,,false,,,,"A Marlin is an animal that lives in the water. | It swims using fins and a tail. | You can say 'look, a Marlin!' or 'I see a Marlin.'",universal,canonical,draft,"A {style} of a single friendly Marlin, a single clear subject centered and filling most of the frame on a plain soft pastel background; soft even lighting, bright cheerful colors, the meaning obvious at a glance to a toddler; minimal extra detail. At the bottom, include a clean caption reading ""Marlin"", spelled exactly, in a simple friendly rounded font; no other text or logos.",
nouns.animals.fish.sea_urchin,Nouns,Animals,Fish,Sea urchin,,object,none,v1_extended,false,stage_5plus,,false,,,,"A Sea urchin is an animal that lives in the water. | It swims using fins and a tail. | You can say 'look, a Sea urchin!' or 'I see a Sea urchin.'",universal,canonical,draft,"A {style} of a single friendly Sea urchin, a single clear subject centered and filling most of the frame on a plain soft pastel background; soft even lighting, bright cheerful colors, the meaning obvious at a glance to a toddler; minimal extra detail. At the bottom, include a clean caption reading ""Sea urchin"", spelled exactly, in a simple friendly rounded font; no other text or logos.",
nouns.animals.fish.angelfish,Nouns,Animals,Fish,Angelfish,,object,none,v1_extended,false,stage_5plus,,false,,,,"A Angelfish is an animal that lives in the water. | It swims using fins and a tail. | You can say 'look, a Angelfish!' or 'I see a Angelfish.'",universal,canonical,draft,"A {style} of a single friendly Angelfish, a single clear subject centered and filling most of the frame on a plain soft pastel background; soft even lighting, bright cheerful colors, the meaning obvious at a glance to a toddler; minimal extra detail. At the bottom, include a clean caption reading ""Angelfish"", spelled exactly, in a simple friendly rounded font; no other text or logos.",
nouns.nature.plants.seaweed,Nouns,Nature,Plants,Seaweed,,object,none,v1_extended,false,stage_5plus,,false,,,,"A Seaweed is a kind of plant. | Plants grow from the ground and need sunshine and water. | You can say 'look, a Seaweed!' or 'I see a Seaweed.'",universal,canonical,draft,"A {style} of a single Seaweed, a single clear subject centered and filling most of the frame on a plain soft pastel background; soft even lighting, bright cheerful colors, the meaning obvious at a glance to a toddler; minimal extra detail. At the bottom, include a clean caption reading ""Seaweed"", spelled exactly, in a simple friendly rounded font; no other text or logos.",
nouns.nature.plants.sea_fan,Nouns,Nature,Plants,Sea fan,,object,none,v1_extended,false,stage_5plus,,false,,,,"A Sea fan is a kind of plant. | Plants grow from the ground and need sunshine and water. | You can say 'look, a Sea fan!' or 'I see a Sea fan.'",universal,canonical,draft,"A {style} of a single Sea fan, a single clear subject centered and filling most of the frame on a plain soft pastel background; soft even lighting, bright cheerful colors, the meaning obvious at a glance to a toddler; minimal extra detail. At the bottom, include a clean caption reading ""Sea fan"", spelled exactly, in a simple friendly rounded font; no other text or logos.",
nouns.nature.plants.coral,Nouns,Nature,Plants,Coral,,object,none,v1_extended,false,stage_5plus,,false,,,,"A Coral is a kind of plant. | Plants grow from the ground and need sunshine and water. | You can say 'look, a Coral!' or 'I see a Coral.'",universal,canonical,draft,"A {style} of a single Coral, a single clear subject centered and filling most of the frame on a plain soft pastel background; soft even lighting, bright cheerful colors, the meaning obvious at a glance to a toddler; minimal extra detail. At the bottom, include a clean caption reading ""Coral"", spelled exactly, in a simple friendly rounded font; no other text or logos.",
nouns.nature.plants.four_leaf_clover,Nouns,Nature,Plants,Four leaf clover,,object,none,v1_extended,false,stage_5plus,,false,,,,"A Four leaf clover is a kind of plant. | Plants grow from the ground and need sunshine and water. | You can say 'look, a Four leaf clover!' or 'I see a Four leaf clover.'",universal,canonical,draft,"A {style} of a single Four leaf clover, a single clear subject centered and filling most of the frame on a plain soft pastel background; soft even lighting, bright cheerful colors, the meaning obvious at a glance to a toddler; minimal extra detail. At the bottom, include a clean caption reading ""Four leaf clover"", spelled exactly, in a simple friendly rounded font; no other text or logos.",
nouns.nature.plants.bamboo,Nouns,Nature,Plants,Bamboo,,object,none,v1_extended,false,stage_5plus,,false,,,,"A Bamboo is a kind of plant. | Plants grow from the ground and need sunshine and water. | You can say 'look, a Bamboo!' or 'I see a Bamboo.'",universal,canonical,draft,"A {style} of a single Bamboo, a single clear subject centered and filling most of the frame on a plain soft pastel background; soft even lighting, bright cheerful colors, the meaning obvious at a glance to a toddler; minimal extra detail. At the bottom, include a clean caption reading ""Bamboo"", spelled exactly, in a simple friendly rounded font; no other text or logos.",
nouns.nature.plants.dandelion,Nouns,Nature,Plants,Dandelion,,object,none,v1_extended,false,stage_5plus,,false,,,,"A Dandelion is a kind of plant. | Plants grow from the ground and need sunshine and water. | You can say 'look, a Dandelion!' or 'I see a Dandelion.'",universal,canonical,draft,"A {style} of a single Dandelion, a single clear subject centered and filling most of the frame on a plain soft pastel background; soft even lighting, bright cheerful colors, the meaning obvious at a glance to a toddler; minimal extra detail. At the bottom, include a clean caption reading ""Dandelion"", spelled exactly, in a simple friendly rounded font; no other text or logos.",
nouns.nature.plants.sargassum,Nouns,Nature,Plants,Sargassum,,object,none,v1_extended,false,stage_5plus,,false,,,,"A Sargassum is a kind of plant. | Plants grow from the ground and need sunshine and water. | You can say 'look, a Sargassum!' or 'I see a Sargassum.'",universal,canonical,draft,"A {style} of a single Sargassum, a single clear subject centered and filling most of the frame on a plain soft pastel background; soft even lighting, bright cheerful colors, the meaning obvious at a glance to a toddler; minimal extra detail. At the bottom, include a clean caption reading ""Sargassum"", spelled exactly, in a simple friendly rounded font; no other text or logos.",
nouns.nature.plants.aloe_vera,Nouns,Nature,Plants,Aloe vera,,object,none,v1_extended,false,stage_5plus,,false,,,,"A Aloe vera is a kind of plant. | Plants grow from the ground and need sunshine and water. | You can say 'look, a Aloe vera!' or 'I see a Aloe vera.'",universal,canonical,draft,"A {style} of a single Aloe vera, a single clear subject centered and filling most of the frame on a plain soft pastel background; soft even lighting, bright cheerful colors, the meaning obvious at a glance to a toddler; minimal extra detail. At the bottom, include a clean caption reading ""Aloe vera"", spelled exactly, in a simple friendly rounded font; no other text or logos.",
nouns.nature.plants.lavender,Nouns,Nature,Plants,Lavender,,object,none,v1_extended,false,stage_5plus,,false,,,,"A Lavender is a kind of plant. | Plants grow from the ground and need sunshine and water. | You can say 'look, a Lavender!' or 'I see a Lavender.'",universal,canonical,draft,"A {style} of a single Lavender, a single clear subject centered and filling most of the frame on a plain soft pastel background; soft even lighting, bright cheerful colors, the meaning obvious at a glance to a toddler; minimal extra detail. At the bottom, include a clean caption reading ""Lavender"", spelled exactly, in a simple friendly rounded font; no other text or logos.",
nouns.nature.plants.ivy,Nouns,Nature,Plants,Ivy,,object,none,v1_extended,false,stage_5plus,,false,,,,"A Ivy is a kind of plant. | Plants grow from the ground and need sunshine and water. | You can say 'look, a Ivy!' or 'I see a Ivy.'",universal,canonical,draft,"A {style} of a single Ivy, a single clear subject centered and filling most of the frame on a plain soft pastel background; soft even lighting, bright cheerful colors, the meaning obvious at a glance to a toddler; minimal extra detail. At the bottom, include a clean caption reading ""Ivy"", spelled exactly, in a simple friendly rounded font; no other text or logos.",
nouns.nature.plants.mangrove,Nouns,Nature,Plants,Mangrove,,object,none,v1_extended,false,stage_5plus,,false,,,,"A Mangrove is a kind of plant. | Plants grow from the ground and need sunshine and water. | You can say 'look, a Mangrove!' or 'I see a Mangrove.'",universal,canonical,draft,"A {style} of a single Mangrove, a single clear subject centered and filling most of the frame on a plain soft pastel background; soft even lighting, bright cheerful colors, the meaning obvious at a glance to a toddler; minimal extra detail. At the bottom, include a clean caption reading ""Mangrove"", spelled exactly, in a simple friendly rounded font; no other text or logos.",
nouns.nature.plants.bush,Nouns,Nature,Plants,Bush,,object,none,v1_extended,false,stage_5plus,,false,,,,"A Bush is a kind of plant. | Plants grow from the ground and need sunshine and water. | You can say 'look, a Bush!' or 'I see a Bush.'",universal,canonical,draft,"A {style} of a single Bush, a single clear subject centered and filling most of the frame on a plain soft pastel background; soft even lighting, bright cheerful colors, the meaning obvious at a glance to a toddler; minimal extra detail. At the bottom, include a clean caption reading ""Bush"", spelled exactly, in a simple friendly rounded font; no other text or logos.",
nouns.nature.plants.pine_tree,Nouns,Nature,Plants,Pine tree,,object,none,v1_extended,false,stage_5plus,,false,,,,"A Pine tree is a kind of plant. | Plants grow from the ground and need sunshine and water. | You can say 'look, a Pine tree!' or 'I see a Pine tree.'",universal,canonical,draft,"A {style} of a single Pine tree, a single clear subject centered and filling most of the frame on a plain soft pastel background; soft even lighting, bright cheerful colors, the meaning obvious at a glance to a toddler; minimal extra detail. At the bottom, include a clean caption reading ""Pine tree"", spelled exactly, in a simple friendly rounded font; no other text or logos.",
nouns.nature.plants.orchid,Nouns,Nature,Plants,Orchid,,object,none,v1_extended,false,stage_5plus,,false,,,,"A Orchid is a kind of plant. | Plants grow from the ground and need sunshine and water. | You can say 'look, a Orchid!' or 'I see a Orchid.'",universal,canonical,draft,"A {style} of a single Orchid, a single clear subject centered and filling most of the frame on a plain soft pastel background; soft even lighting, bright cheerful colors, the meaning obvious at a glance to a toddler; minimal extra detail. At the bottom, include a clean caption reading ""Orchid"", spelled exactly, in a simple friendly rounded font; no other text or logos.",
nouns.nature.plants.palm_tree,Nouns,Nature,Plants,Palm tree,,object,none,v1_extended,false,stage_5plus,,false,,,,"A Palm tree is a kind of plant. | Plants grow from the ground and need sunshine and water. | You can say 'look, a Palm tree!' or 'I see a Palm tree.'",universal,canonical,draft,"A {style} of a single Palm tree, a single clear subject centered and filling most of the frame on a plain soft pastel background; soft even lighting, bright cheerful colors, the meaning obvious at a glance to a toddler; minimal extra detail. At the bottom, include a clean caption reading ""Palm tree"", spelled exactly, in a simple friendly rounded font; no other text or logos.",
nouns.nature.plants.mint,Nouns,Nature,Plants,Mint,,object,none,v1_extended,false,stage_5plus,,false,,,,"A Mint is a kind of plant. | Plants grow from the ground and need sunshine and water. | You can say 'look, a Mint!' or 'I see a Mint.'",universal,canonical,draft,"A {style} of a single Mint, a single clear subject centered and filling most of the frame on a plain soft pastel background; soft even lighting, bright cheerful colors, the meaning obvious at a glance to a toddler; minimal extra detail. At the bottom, include a clean caption reading ""Mint"", spelled exactly, in a simple friendly rounded font; no other text or logos.",
nouns.nature.plants.lily,Nouns,Nature,Plants,Lily,,object,none,v1_extended,false,stage_5plus,,false,,,,"A Lily is a kind of plant. | Plants grow from the ground and need sunshine and water. | You can say 'look, a Lily!' or 'I see a Lily.'",universal,canonical,draft,"A {style} of a single Lily, a single clear subject centered and filling most of the frame on a plain soft pastel background; soft even lighting, bright cheerful colors, the meaning obvious at a glance to a toddler; minimal extra detail. At the bottom, include a clean caption reading ""Lily"", spelled exactly, in a simple friendly rounded font; no other text or logos.",
nouns.nature.plants.sea_lettuce,Nouns,Nature,Plants,Sea lettuce,,object,none,v1_extended,false,stage_5plus,,false,,,,"A Sea lettuce is a kind of plant. | Plants grow from the ground and need sunshine and water. | You can say 'look, a Sea lettuce!' or 'I see a Sea lettuce.'",universal,canonical,draft,"A {style} of a single Sea lettuce, a single clear subject centered and filling most of the frame on a plain soft pastel background; soft even lighting, bright cheerful colors, the meaning obvious at a glance to a toddler; minimal extra detail. At the bottom, include a clean caption reading ""Sea lettuce"", spelled exactly, in a simple friendly rounded font; no other text or logos.",
nouns.animals.forest.crow,Nouns,Animals,Forest,Crow,,object,none,v1_extended,false,stage_5plus,,false,,,,"A Crow lives in the forest. | Forest animals make their homes among the trees. | You can say 'look, a Crow!' or 'I see a Crow.'",universal,canonical,draft,"A {style} of a single friendly Crow, a single clear subject centered and filling most of the frame on a plain soft pastel background; soft even lighting, bright cheerful colors, the meaning obvious at a glance to a toddler; minimal extra detail. At the bottom, include a clean caption reading ""Crow"", spelled exactly, in a simple friendly rounded font; no other text or logos.",
nouns.animals.forest.woodpecker,Nouns,Animals,Forest,Woodpecker,,object,none,v1_extended,false,stage_5plus,,false,,,,"A Woodpecker lives in the forest. | Forest animals make their homes among the trees. | You can say 'look, a Woodpecker!' or 'I see a Woodpecker.'",universal,canonical,draft,"A {style} of a single friendly Woodpecker, a single clear subject centered and filling most of the frame on a plain soft pastel background; soft even lighting, bright cheerful colors, the meaning obvious at a glance to a toddler; minimal extra detail. At the bottom, include a clean caption reading ""Woodpecker"", spelled exactly, in a simple friendly rounded font; no other text or logos.",
nouns.animals.forest.moose,Nouns,Animals,Forest,Moose,,object,none,v1_extended,false,stage_5plus,,false,,,,"A Moose lives in the forest. | Forest animals make their homes among the trees. | You can say 'look, a Moose!' or 'I see a Moose.'",universal,canonical,draft,"A {style} of a single friendly Moose, a single clear subject centered and filling most of the frame on a plain soft pastel background; soft even lighting, bright cheerful colors, the meaning obvious at a glance to a toddler; minimal extra detail. At the bottom, include a clean caption reading ""Moose"", spelled exactly, in a simple friendly rounded font; no other text or logos.",
nouns.animals.jungle.chimpanzee,Nouns,Animals,Jungle,Chimpanzee,,object,none,v1_extended,false,stage_5plus,,false,,,,"A Chimpanzee lives in the jungle. | The jungle is a warm, leafy place full of animals. | You can say 'look, a Chimpanzee!' or 'I see a Chimpanzee.'",universal,canonical,draft,"A {style} of a single friendly Chimpanzee, a single clear subject centered and filling most of the frame on a plain soft pastel background; soft even lighting, bright cheerful colors, the meaning obvious at a glance to a toddler; minimal extra detail. At the bottom, include a clean caption reading ""Chimpanzee"", spelled exactly, in a simple friendly rounded font; no other text or logos.",
nouns.animals.jungle.toucan,Nouns,Animals,Jungle,Toucan,,object,none,v1_extended,false,stage_5plus,,false,,,,"A Toucan lives in the jungle. | The jungle is a warm, leafy place full of animals. | You can say 'look, a Toucan!' or 'I see a Toucan.'",universal,canonical,draft,"A {style} of a single friendly Toucan, a single clear subject centered and filling most of the frame on a plain soft pastel background; soft even lighting, bright cheerful colors, the meaning obvious at a glance to a toddler; minimal extra detail. At the bottom, include a clean caption reading ""Toucan"", spelled exactly, in a simple friendly rounded font; no other text or logos.",
nouns.animals.sea.sea_lion,Nouns,Animals,Sea,Sea lion,,object,none,v1_extended,false,stage_5plus,,false,,,,"A Sea lion lives in the ocean. | Sea animals swim and dive in the deep blue water. | You can say 'look, a Sea lion!' or 'I see a Sea lion.'",universal,canonical,draft,"A {style} of a single friendly Sea lion, a single clear subject centered and filling most of the frame on a plain soft pastel background; soft even lighting, bright cheerful colors, the meaning obvious at a glance to a toddler; minimal extra detail. At the bottom, include a clean caption reading ""Sea lion"", spelled exactly, in a simple friendly rounded font; no other text or logos.",
nouns.animals.sea.eel,Nouns,Animals,Sea,Eel,,object,none,v1_extended,false,stage_5plus,,false,,,,"A Eel lives in the ocean. | Sea animals swim and dive in the deep blue water. | You can say 'look, a Eel!' or 'I see a Eel.'",universal,canonical,draft,"A {style} of a single friendly Eel, a single clear subject centered and filling most of the frame on a plain soft pastel background; soft even lighting, bright cheerful colors, the meaning obvious at a glance to a toddler; minimal extra detail. At the bottom, include a clean caption reading ""Eel"", spelled exactly, in a simple friendly rounded font; no other text or logos.",
nouns.animals.sea.manatee,Nouns,Animals,Sea,Manatee,,object,none,v1_extended,false,stage_5plus,,false,,,,"A Manatee lives in the ocean. | Sea animals swim and dive in the deep blue water. | You can say 'look, a Manatee!' or 'I see a Manatee.'",universal,canonical,draft,"A {style} of a single friendly Manatee, a single clear subject centered and filling most of the frame on a plain soft pastel background; soft even lighting, bright cheerful colors, the meaning obvious at a glance to a toddler; minimal extra detail. At the bottom, include a clean caption reading ""Manatee"", spelled exactly, in a simple friendly rounded font; no other text or logos.",
nouns.animals.sea.sea_turtle,Nouns,Animals,Sea,Sea turtle,,object,none,v1_extended,false,stage_5plus,,false,,,,"A Sea turtle lives in the ocean. | Sea animals swim and dive in the deep blue water. | You can say 'look, a Sea turtle!' or 'I see a Sea turtle.'",universal,canonical,draft,"A {style} of a single friendly Sea turtle, a single clear subject centered and filling most of the frame on a plain soft pastel background; soft even lighting, bright cheerful colors, the meaning obvious at a glance to a toddler; minimal extra detail. At the bottom, include a clean caption reading ""Sea turtle"", spelled exactly, in a simple friendly rounded font; no other text or logos.",
nouns.animals.polar.arctic_hare,Nouns,Animals,Polar,Arctic hare,,object,none,v1_extended,false,stage_5plus,,false,,,,"A Arctic hare lives where it is cold and snowy. | Arctic animals have thick fur or feathers to stay warm. | You can say 'look, a Arctic hare!' or 'I see a Arctic hare.'",universal,canonical,draft,"A {style} of a single friendly Arctic hare, a single clear subject centered and filling most of the frame on a plain soft pastel background; soft even lighting, bright cheerful colors, the meaning obvious at a glance to a toddler; minimal extra detail. At the bottom, include a clean caption reading ""Arctic hare"", spelled exactly, in a simple friendly rounded font; no other text or logos.",
